,resource_state,name,distance,moving_time,elapsed_time,total_elevation_gain,type,sport_type,workout_type,id,start_date,start_date_local,timezone,utc_offset,location_city,location_state,location_country,achievement_count,kudos_count,comment_count,athlete_count,photo_count,trainer,commute,manual,private,visibility,flagged,gear_id,start_latlng,end_latlng,average_speed,max_speed,has_heartrate,average_heartrate,max_heartrate,heartrate_opt_out,display_hide_heartrate_option,elev_high,elev_low,upload_id,upload_id_str,external_id,from_accepted_tag,pr_count,total_photo_count,has_kudoed,suffer_score,athlete.id,athlete.resource_state,map.id,map.summary_polyline,map.resource_state
0,2,Morning Run,8059.7,1993,2752,53.5,Run,Run,0.0,3216796132,2020-03-25T14:06:10Z,2020-03-25T09:06:10Z,(GMT-06:00) America/Chicago,-18000.0,,,,0,3,0,1,0,False,False,False,False,followers_only,False,,"[44.744811, -93.129407]","[44.745743, -93.129449]",4.044,5.5,True,174.8,185.0,False,True,298.0,283.2,3439025174.0,3439025174,B5685D82-B7C2-4FEC-9882-CA3D99DDC603,False,0,0,False,73.0,50715143,1,a3216796132,afbpGxilwPz@o@Bi@G[Y_@QBMGQEiAEcBBQFUh@GZDp@FNNNLFf@HbA?zAE`@GHILi@Da@ASIWMOME}@IiA@iACa@LMRERC`@D\FPX\PHJ@x@Az@Cb@@pAh@ZEBI@[AyADmFFGTD|AHv@GREp@WjBaAb@Sl@e@t@_@RMLAvAe@TKd@Ib@Mn@Y|@I`B?bABNyA@wABmAAaE@s@EkI@q@C]@qED}DEyC@aNEqEDgHAiGEiDASOOsA?g@I{CiA}@g@_@]cBaBe@o@MW}@mBe@yAYoAm@cD[sAZw@TIFKpAyNHgBAoAEyAGs@YcB_@}AQe@EWAo@D_@Jm@CQWi@y@mAWe@a@}@_@iAQk@Mo@e@eEMm@Qe@]_@a@Ya@MORYfASj@q@rA_@n@i@p@OPg@b@a@TsB|@m@`@uAt@kDtAa@Ta@Nw@d@y@^a@Ta@^s@fAUl@e@~A[nBKxBLnCDZLh@JjAb@jCLzBE`MB`DApDCfADlADl@TdBb@dC`@~AZlBPfB@p@AnAEbAMnAU|AIpAU|@SnAi@hC[lB?LPDt@KRAd@Hb@N`@T\^\VnCjA`CvAzAh@~@j@Lh@Hp@I~@Op@KbAGtE?VLr@^l@n@`@TJJBRE`@a@VMd@IjAKN@RJJNF\KZMP[\SLKJUb@QD}@GIDGPAlAFlB?`AB\^f@\ZLVEjAC~BE^[hAIfAM`@HNNDVBp@]TEd@Bv@TDJ?|Ia@BMKWMOGWCOAuADiAI,2
1,2,Lunch Run,4834.3,1270,1270,0.0,Run,Run,0.0,3213897487,2020-03-24T17:41:56Z,2020-03-24T12:41:56Z,(GMT-06:00) America/Chicago,-18000.0,,,,0,2,0,1,0,True,False,False,False,followers_only,False,,[],[],3.807,4.6,True,174.8,187.0,False,True,,,3435938477.0,3435938477,3DBBC578-36F7-4ACA-BFDD-A65C281FD86B.fit,False,0,0,False,47.0,50715143,1,a3213897487,,2
2,2,Morning Run,9904.4,1879,2808,63.0,Run,Run,,3213149904,2020-03-24T14:12:13Z,2020-03-24T09:12:13Z,(GMT-06:00) America/Chicago,-18000.0,,,,6,4,0,1,0,False,False,False,False,followers_only,False,,"[44.744193, -93.129781]","[44.744805, -93.129464]",5.271,7.2,True,171.3,196.0,False,True,303.5,285.0,3435155347.0,3435155347,6CC22BCF-16CD-4192-98F4-5265F1C37866.fit,False,5,0,False,63.0,50715143,1,a3213149904,ebbpGdllwPOsCQcFs@GqAAg@IOIQMy@yA[Y_@SmB_AwEyAuA]q@Ke@Ca@@k@FcATsA`@cAh@gBnAIAc@Wc@c@c@i@KGcA\_@Hi@DqA@k@F_@Ly@b@e@Ny@i@YKYGe@E{B?YC]IGIIe@KsBKq@MQe@AyCDqDAo@De@JkA`@{@PsCVoDh@aCR_Fh@cE^kDb@uCf@wA\sAj@{DzBkC`BqDtBgC^mBc@{Ai@_Ai@y@u@_@g@g@{@mBeEyC{Fo@aAo@q@oA_AwC_BeAo@u@m@mBeBk@c@gHgFtA`AxBrApA~@~EdEf@ZpDnBl@`@`@^f@j@l@`AlG|L`BjC~@d@~@^~A`@bARl@Dp@Ab@Kj@SnBiAfIsFVO|B}@lB]nEg@fJ_AhDSbG{@vDYt@OdAi@ZIj@Gl@?nGFj@HDBFZHjCF^FJNH^HlB?x@Bd@H`@Nv@d@pCpDFJnAn@|AdAZNXFPCFGNUPa@Ns@T}BNi@TYn@YVOdAeAVQ^S`@OzCm@d@Ad@@hATdAZpDxA`Ab@fAj@^VTTr@hARPJBPBVEj@M`@C^FVRBH@\GjFGt@ELKJK?GCIU?YFuAEg@OYSOc@Kk@As@Bi@Fa@NQLKRGPA\DXNZVPTHh@D`C@,2
3,2,Morning Run,8740.6,2280,2608,71.2,Run,Run,0.0,3210065321,2020-03-23T14:07:55Z,2020-03-23T09:07:55Z,(GMT-06:00) America/Chicago,-18000.0,,,,0,1,0,1,0,False,False,False,False,followers_only,False,,"[44.669304, -93.165001]","[44.66965, -93.164996]",3.834,5.1,True,171.1,178.0,False,True,297.2,275.2,3431862863.0,3431862863,A18D526E-7759-481F-B9BB-B416C32F348D,False,0,0,False,72.0,50715143,1,a3210065321,cnsoGhhswPOl@hBm@bAApBLT?LGNYDWF{CFcA?q@D[FKN?|@BPFE|A@j@IlDBzBAtAHtE?xDGxD@tEFjAj@DDJRDJC|@k@^[x@g@X[p@}@~@cBdFcI\c@tAkAr@[\U|B}@rBgApAc@`@Qr@e@b@Mr@]t@c@bAg@^Ij@[r@S^S~Bs@bCkAf@K`@S`AW`@Ol@]p@QzAo@bAWhAc@JIxAe@RJJL\`A`@p@r@h@nBlAX\V`@XX\CZNTGRURi@p@qADO?OCWEIQGEQBMq@bGRGx@a@\ANfANNH^Iz@@LHNJLRJTB^?n@S`Am@JE`@GRJHj@Ph@XRt@HLFP?LCPIRA^R^Lh@DdCAx@HNMDoALs@Ba@Om@QeA?s@HqBGqAGWIMs@MM@INCLDb@IxBCnCEZa@pAGZAbAEn@QFcAIUIe@a@OA]LMAWGs@EMI[a@Oo@IUKEa@@KD_Aj@SHa@Ja@?SEs@k@QBKFKXDPv@nBBXY\Kj@Cn@@TDZb@tAH\Hn@JpCJhABPf@~ADPTrBJjAA~@Cp@YfBU~@ObBAjBG`AKjE@bBLhE?v@CnBC\IXIBaJMiBBw@CeADe@GSI_@WQIa@Gq@GSG{@DaACeAO}AIm@@c@PUD]CaADyACWCQEc@CuBBK@KNIhAMdAO@MEa@G]@u@Qy@Ao@Wa@We@Qa@?_@Dm@RgAl@_@Z_@Tq@\MDQGc@yAKEaDRsB@iAFqCBuBG]BKECUDQ@[KUEO]WQCMFQROFw@Pe@Fc@@}AEeB?eAC{ABy@C{ADKIA[@Ul@oEDgB?aAM}Bi@{BGq@Mq@Gq@KoEGk@Ko@IcB?{@EoCMkBAw@BuALqAZuBVeCPgAFuAAs@FSROlCQ,2
4,2,Morning Run,16106.7,4545,4886,80.8,Run,Run,0.0,3203723607,2020-03-21T14:08:03Z,2020-03-21T09:08:03Z,(GMT-06:00) America/Chicago,-18000.0,,,,7,5,0,1,0,False,False,False,False,everyone,False,,"[44.744393, -93.132279]","[44.744136, -93.133084]",3.544,5.0,True,164.1,177.0,False,True,305.2,282.8,3425068480.0,3425068480,01BAAEA3-75BB-4EFA-B96C-C43A921EC816,False,0,0,False,114.0,50715143,1,a3203723607,mcbpGv{lwPvBhF`@jAj@zB\d@b@hAP^n@n@f@Tr@Jt@@\?nCF^Ej@Dt@EPBnACPB\LPLp@z@n@p@ZNPB\AL?FP?VHh@Rl@dBdHn@vB`AbEj@jBJf@pAdEXtAl@hCl@lBh@bC`@vA^bBpAnEP~@Z~@XpAb@hAp@dDbAnDdB~Gf@`BhAxE|@|Cn@nCBL?bAHj@Pf@\xAFLLP@n@Ex@@nBCzC@~BE`CDvBElHBjHClBBrBCxAD~CAtFE~GDlEC~E@|AAdE@hCIpD@pEQvH@hBE~A@zAErA@VDFBh@EdF?r@L|IJ~CBjBAbBBvAGnDAdF?lABh@CdHBbCCpDDpSC|G@zA?fEBxAElCBnEAnCEp@@vA@dCGtAAjBGd@?XDNDbAAxF@dA?h@MbAAtCBhACl@DxGEjIBjA}AG_CCcCBaAE]?{BG]BEKCUHoBBuBCmDUeCWsAe@qBIiB?sBBm@@eAM}BYmCm@aDS{AOeBE_BAIGIiBIoA[qAMsAY}@GkAW]K]Oy@c@m@c@m@}@s@u@Y_@kCaCw@k@q@Wk@OuAMcAAcAFsBCkBBq@A{@@s@DcFA{AIOc@Bq@BoEDqBC}B@aQCiFDiAC{@AwCNgC@u@@}@MqBCuACcDH}HGaD@}ACuAJiK?eIBoAEaCA_MHkUE{CBw@EuAB_DE}D?yDBqMFeHAiCEqBBgA@sFCwEB_CAmDDqBIsAQeAu@_DIk@IWk@uCKgBEmEe@{DS_AQgAKkB@sCKiB?yEMqBAwAEm@BuBKqB@mBGq@Ck@B}EFcA?yAA[OsA{@gCUa@s@s@c@s@Y]eA_BoAwBmBqCcAgAa@k@kCsCm@gA[s@U}@GYQkBK{DKsAYeFKaACkA?m@HgAFg@\qA\}@R_@`@eAn@kBn@_BZkA\iCXsCFYHU~@KHGr@_Af@c@PI|Ac@RC^JZA~@St@@~@Vp@H|Aj@j@Z\L^Hp@Zf@Vh@`@|@\NLHLV|@XZJFP@NCh@]REpAZFF@TCvHB|AGp@CjA@tDEj@IZSd@CV@Pv@nCZrANh@p@`BL?BMwAgE,2
5,2,Morning Run,5673.7,1387,1531,51.9,Run,Run,0.0,3200416871,2020-03-20T14:27:43Z,2020-03-20T09:27:43Z,(GMT-06:00) America/Chicago,-18000.0,,,,0,3,0,1,0,False,False,False,False,everyone,False,,"[44.744345, -93.127823]","[44.74526, -93.127876]",4.091,5.4,True,179.4,190.0,False,True,303.1,289.7,3421530764.0,3421530764,B37D0716-4E63-4D9A-9FE7-8ADF2F1E5E0C,False,0,0,False,62.0,50715143,1,a3200416871,ccbpG|_lwPqA[[@i@VWHOCUOMOMs@KWaBu@kAu@mDoA}@WoAWs@Uk@Au@HuBd@k@\s@Xa@Xq@`A_@NS?KESMi@u@k@iAMFQTu@j@ODUAm@MuACOBUJqA`AU@m@o@KIQGgACu@Bu@C_A@UEIQEe@I}DKAW?s@FgDD}A?yAE_@BGLOPUFo@Bs@ReDTc@HmADw@RcANu@HgB\w@JaBTw@Dm@J{Gb@sB\gA\{Az@oA~@u@b@YVqBdA_@Z]Pq@j@MHiAf@e@PgAFTI|@Kh@S`@Sn@_@nBuAvCkBbAg@zAcAbAg@fA[`C_@fBSv@ChAO|@GbD]r@Oj@IjAGdDc@p@CjDg@xCSJCRIFKNKJAf@@xBEf@Bf@A|@@d@CxABRLFZBt@?~BJNdA@`@ErACr@BVFNF`@X`@b@LFNG`@k@X[f@Od@EN?XBbAR^?f@_@f@[^dATZt@`@VDLA`@Yl@}@PQLIb@QnAa@nB_@d@C`A@v@Px@N~Ah@`Ab@fA\rAz@z@^LFLZPn@HNPPLF,2
6,2,Morning Run,804.7,135,135,0.0,Run,Run,,3197348168,2020-03-19T14:40:22Z,2020-03-19T09:40:22Z,(GMT-06:00) America/Chicago,-18000.0,,,,0,1,0,1,0,False,False,True,False,everyone,False,,[],[],5.961,0.0,False,,,False,False,,,,,,False,0,0,False,,50715143,1,a3197348168,,2
7,2,Morning Run,784.8,235,239,0.0,Run,Run,0.0,3197345307,2020-03-19T14:05:15Z,2020-03-19T09:05:15Z,(GMT-06:00) America/Chicago,-18000.0,,,,0,1,0,1,0,False,False,False,False,everyone,False,,"[44.744561, -93.12924]","[44.744866, -93.129469]",3.34,4.1,True,148.1,156.0,False,True,285.6,285.2,3418243997.0,3418243997,5835C6F8-0C36-4980-90A2-FF7D3269B467.fit,False,0,0,False,1.0,50715143,1,a3197345307,odbpGvhlwPJg@A[GUOUGIMGa@I_BBq@IU?K@QFONIX?n@BZHRDHTPNDtBDdAAHANINSJUBe@Mm@OQKGQCo@@kCEQ@QHGHGVAn@D^LVPNXFfDB,2
8,2,Morning Run,6834.9,1709,1919,48.7,Run,Run,0.0,3194262737,2020-03-18T14:05:39Z,2020-03-18T09:05:39Z,(GMT-06:00) America/Chicago,-18000.0,,,,1,4,0,1,0,False,False,False,False,everyone,False,,"[44.744425, -93.129639]","[44.744622, -93.12967]",3.999,5.2,True,167.1,199.0,False,True,298.9,283.1,3414925921.0,3414925921,B07873DB-64B0-4733-A4FB-0209F02FAD3F.fit,False,0,0,False,55.0,50715143,1,a3194262737,scbpGfklwPLODKFu@AmEE_AKMIGa@Kc@CqAJQCIIAe@B]Z}BJcADcAAq@Ie@c@cAMc@G]EoA@kCEe@I_@Qi@Q]eAiAW_@IOE[GyA?uBDsAXiC?g@Ie@IQOQc@[wDcBcCoAyAm@sA{@i@Q_AEOAKG@c@L}@|AmHf@sCJ{@D}@D}BGaBMoAY}AgA_FQmAEq@EeC@cPCoHMkB}@aHEsA@cADcAHaALq@R{@Zu@Vg@`@k@d@c@^UtCoA|D}BjCmArBcAt@e@n@k@r@cAr@wAt@kBRYHETHZXNTTh@VlA`@nDR|@\hAh@fA^j@t@bARb@Dd@ApABj@Jl@f@~BThBFjA@dAI~BiAdMSfAYl@Ep@CfCJ?JFTXVl@p@`Cb@nAbArBn@|@zArAtA|@tB~@f@PxAXJBJLDj@@dAE|GD~Z?zEFxGApD@|CCxDBzLWvBu@OoAC{@DcAN_Cl@}@X{BhAoDbBgAXgBV_@LMPKbA?vDCt@GRIHKBU?,2
9,2,Evening Run,9674.8,2667,2667,0.0,Run,Run,0.0,3192915771,2020-03-18T00:00:37Z,2020-03-17T19:00:37Z,(GMT-06:00) America/Chicago,-18000.0,,,,0,1,0,1,0,True,False,False,False,everyone,False,,[],[],3.628,4.3,True,169.9,184.0,False,True,,,3413458148.0,3413458148,C74F1283-CBF0-4CDA-B9D6-5A87619A4AA6,False,0,0,False,85.0,50715143,1,a3192915771,,2
10,2,Afternoon Run,1758.9,502,516,12.6,Run,Run,0.0,3189594848,2020-03-16T21:21:19Z,2020-03-16T16:21:19Z,(GMT-06:00) America/Chicago,-18000.0,,,,0,3,0,2,0,False,False,False,False,everyone,False,,"[44.744315, -93.129658]","[44.744604, -93.132332]",3.504,4.3,True,173.4,184.0,False,True,298.8,282.5,3409867902.0,3409867902,9AA6D6E7-A261-4FF7-8EB7-B8735DD2D38D,False,0,0,False,18.0,50715143,1,a3189594848,}bbpGjklwPAgDBkDAWEK]KSA]IQ@KBa@VSFK@c@U[YSu@KQIIOK[IMIw@g@IFGhA?`EErACPKP_AXULWVENOFa@?KCu@Aa@?wAHyAE[BMj@K`AGXKVoAtAW^_@p@Kh@GnB@jAFn@DNLNtA[|@]b@GpA?^G~@B~@?pAS~@KlDUrA?v@Dz@Yb@CPBJHJTDNAdA,2
11,2,Afternoon Run,6143.6,1219,2113,0.0,Run,Run,0.0,3189594922,2020-03-16T20:43:55Z,2020-03-16T15:43:55Z,(GMT-06:00) America/Chicago,-18000.0,,,,3,4,0,1,0,False,False,False,False,everyone,False,,"[44.74475, -93.129349]","[44.744883, -93.129437]",5.04,6.8,True,184.4,198.0,False,True,285.6,285.2,3409867942.0,3409867942,245522DA-10EF-4DCC-AE65-C4BF70B9B47A,False,1,0,False,62.0,50715143,1,a3189594922,uebpGlilwPh@u@@]Ic@MSYMSCk@DyBC[FOLOj@@^Ff@T\PFt@DnA@n@C\GLIPWDW?g@E[O]MK[Ak@B}AEk@BYHMLM\@j@DVL\LLVFl@@bCAZELKL_@F]Ag@Ia@KKWI_BDuB?MDSVGTAd@DVN`@TPl@FpBIh@@d@UNe@BYAe@EUUU[CyADwACYDOHQVET?b@@VJ`@NL\BxB?z@@TCT[FYDo@CYQ[QKYCo@F_BEo@BYJMPEd@BZLj@VZRDn@EtCCNER_@F]@k@GYS[QEw@B_BCm@@SDWVM^?XFb@HRXTn@HhC@x@a@Le@B[?c@ESQSwE@ODYPOZEV@b@FXVVNDzBDzAIPQFUBq@A_@Oc@[MoBDkAC[DOROd@AXDf@HTRPzAB~AAX@NCRYJg@@[Gg@MQYO}AFwAEYBOHQZIX?f@J^JPTNfCFj@E~@i@DYDk@EYM[QK[AmAFkB@]PQ^CV@d@HVVTRBbBF|AAPEPUD[Bo@Gg@IQYMyAF}AAYDQHS\CZBb@FTVVNFXDxA@tACTIN]D[?m@E[SWOGm@A[Fk@@yAAYJKRK`@?d@DTPXLJVHf@B|A?h@Et@s@Fi@?YMa@KM]Go@@eCA[DONMd@Aj@DZR\LJZFzA?|ACXMHUHm@?c@Mi@SS{EDODUVGTAd@BXN^NLVFdA@j@?xAILGR_@Dg@AYGc@IOWKQAgDB[DOFQXGT?f@H`@HPVLNBXBjCE,2
12,2,Afternoon Run,764.2,203,203,0.0,Run,Run,0.0,3189594843,2020-03-16T20:31:48Z,2020-03-16T15:31:48Z,(GMT-06:00) America/Chicago,-18000.0,,,,0,1,0,1,0,False,False,False,False,everyone,False,,"[44.744627, -93.128738]","[44.744834, -93.129404]",3.765,4.6,True,152.7,162.0,False,True,285.6,285.3,3409867876.0,3409867876,F03032CA-3CA5-47BB-B88C-2A16FEE3E967,False,0,0,False,2.0,50715143,1,a3189594843,{dbpGrelwPOOOG{@Ey@?u@MS?KDQNUd@CR?XHf@HTFHPHHDv@DbBG`@?PEPIFKNq@C_@Km@GMSKaBAcA@u@JKFORENEX@h@FRHJTLb@Dp@?jBG,2
13,2,Morning Run,16472.7,4019,4029,101.5,Run,Run,0.0,3182653307,2020-03-14T14:07:12Z,2020-03-14T09:07:12Z,(GMT-06:00) America/Chicago,-18000.0,,,,10,4,0,1,0,False,False,False,False,everyone,False,,"[44.744551, -93.132083]","[44.744641, -93.132341]",4.099,5.3,True,181.2,194.0,False,True,298.9,281.4,3402250043.0,3402250043,FECE976B-8396-4E34-A1CE-E96B4E67F4A8,False,4,1,False,194.0,50715143,1,a3182653307,mdbpGpzlwPPMPqAAuADaA@qBJ{AG{B@{CGgBCOuA[SDo@VSB_@OAYj@gBNy@Gi@FiEMU_@UYc@CeAKu@@{@@QHWBS@s@Sa@i@cBIKKAo@e@Wc@Mk@Eq@Am@BiBA_Ab@eDCYS_AMSqAq@a@K]WoDiBa@QeAWe@[W]e@a@gAOq@HWAEOJs@p@iCRaAfAmGXwC@s@EaCU{Bu@}DQo@]wBMkAEiDBcCCkB?oBB_BAgADeDEyCEo@c@uDMo@I[OcBCcBPiCHo@`@_Bd@eAv@gAn@i@xAy@fDuAvAaAbEwBfAa@r@c@h@c@b@e@\e@j@mAb@wA^_BPoALeCDaCAu@EiAOiDK{DBiADs@ZmBj@{AbBcChBuCd@eA^{ARgBHuFAiB@sB@mAD[LGvGLbDCxDD`C]d@Bb@ExB@lAEtCD|@ErCF|@CrEHvEEb@GhAEnKPtAArAFjDGv@F~HElBF`FBx@ELGLSDQCu@FmHEyHDeGAiHDeAAyEBmCJkECqA@{DCgBDcCCeB@mHAw@?mBHaDGmKCQKQy@GsC@_HOy@BiALw@@cCOgAAQ@MFGVCVBnCElB?r@GbCGt@Kj@Ud@QPa@Na@DsCGqBF}CIaHHiBGwA?gDFgACs@DKR?hBH~DEbHOr@KHgATuC?K@IRA|@H~DChAIXs@ZM?QJEtC@`CClECpBGt@Ql@a@v@ONs@d@ELB\\lAt@fB^fAj@pAdAbDLp@C^Ml@SdBGr@EnAMdAQPUBu@@e@C{ADkARc@BmGGiEDeCCOBIH?x@BfAEfB@rAGhEKlA_@|B]fAa@t@eCdD}@vAKVc@tAQjAGt@AdBRbGL~B@nCErASxC[dBY`Am@vAu@tAe@h@mAbAm@`@mA`@yAz@aEjB}@l@{BbAq@`@q@f@s@dAk@rAIZUhAK~A?`CH`B\lBJdAb@xCBr@@n@CdFCtBDjBGlIFfCJbAlAlGDz@`@lDB^AfCEp@]`CSzBi@vB_ArFBPPBnAGz@P`@Tj@h@f@NhBbAdCjAfBt@r@b@HHVf@Jz@AROn@YfBCbC?r@HrAHZ`@v@\X`@LP?`@WVKzA_@T?b@JRRHPGZmBnBoADEj@EdAHzCATF\v@f@JRBd@AnBEr@Gn@SjAGr@G^GNBTb@BbA_@TAd@Fb@LHJ@nDEhBBlCI`CAzDEd@ERUl@GZOX,2
14,2,Afternoon Run,1815.0,477,483,10.1,Run,Run,0.0,3180533875,2020-03-13T20:20:10Z,2020-03-13T15:20:10Z,(GMT-06:00) America/Chicago,-18000.0,,,,0,2,0,2,0,False,False,False,False,everyone,False,,"[44.757339, -93.125549]","[44.744572, -93.132236]",3.805,5.0,True,174.0,180.0,False,True,300.5,285.2,3399809390.0,3399809390,B1ADBEEB-350F-41EE-9133-4ABE5CB5B947,False,0,0,False,16.0,50715143,1,a3180533875,itdpGtqkwPH]H?FB~@Gt@B^Ar@@nBGJD`@BrAAJLCdA?`BFt@FL`@BbAEx@Fd@AdAHRHRLVZZl@Rb@P~@HPTr@TA^Gv@?L@\Ph@d@j@l@\XZNj@HJQD[\u@V_@PI^AbAFl@Ht@K\Kl@Kb@FTHr@X^TL@^Lp@`@r@LJD\Bj@KzBGb@?RBJRFd@@t@DR?^@Pl@v@LVn@bBf@`ArArBd@|@f@j@Rb@AVBP,2
15,2,Afternoon Run,5641.0,1242,1247,39.6,Run,Run,0.0,3180533941,2020-03-13T19:57:25Z,2020-03-13T14:57:25Z,(GMT-06:00) America/Chicago,-18000.0,,,,4,4,0,2,0,False,False,False,False,everyone,False,,"[44.757536, -93.125682]","[44.758312, -93.125798]",4.542,6.5,True,179.4,187.0,False,True,298.6,285.6,3399809391.0,3399809391,9B4F7305-592B-4BE8-9E99-CD6B7F38FFE2,False,1,0,False,52.0,50715143,1,a3180533941,qudpGprkwPq@RYDs@FsARqCPeCh@k@DmAB}@HsBb@k@Fw@D}@AsARuALqDl@_Bh@iCpAi@d@q@`@}AfAeAj@eAt@aBz@YJk@DqACmEkAw@g@a@]_@g@i@cA]g@g@cAYg@k@kAg@y@g@eAQW_@{@iAgB_@e@{AsAmAg@y@g@mAg@cAy@w@s@uAkAe@Y_BwAgAq@Y@MNG`EDjGA|AB~AGjB?nA@zDCtABtIGBCOCaADeEAmABu@GgF?{RFqCPw@PGXDRHl@b@`Al@h@b@z@j@hAdA^d@jBzA`@NlB~@xA`A^Zz@|@^h@dBdDh@~@Xp@|A|CVj@j@`Al@n@v@b@|B|@d@JnALV?|@An@Mz@g@vAaAb@QnBqAlBiAzAgATKrA]VM|@WLCbBMpBYfBMpBYnAGbAON?f@OfBWV?zBYfBMf@K|@I,2
16,2,Afternoon Run,1910.3,491,593,23.2,Run,Run,0.0,3180533886,2020-03-13T19:47:27Z,2020-03-13T14:47:27Z,(GMT-06:00) America/Chicago,-18000.0,,,,2,3,0,2,0,False,False,False,False,everyone,False,,"[44.744626, -93.132168]","[44.757211, -93.12544]",3.891,5.1,True,173.2,175.0,False,True,300.5,284.9,3399809386.0,3399809386,BECC22CA-4B4D-43E6-8556-9EAF3E33C90D,False,0,0,False,15.0,50715143,1,a3180533886,{dbpG`{lwPFc@JSV]J}@AeADy@AwCKi@Sk@Ej@IRMFw@IaAB_@Es@Ew@@m@y@GQKw@A_AEWYc@aAAcBLs@@WCkE_BiA[UEo@Pa@Na@HSAy@Sc@GMA_@?UPe@hAKBg@TWBOEo@o@c@Oa@[w@_@c@Ei@AS@MKm@yBWk@QWi@k@UMg@GW?u@FoCEQSEWEuA@{ACSSKcBJKA{BFq@G{@AsA@,2
17,2,Afternoon Run,10134.2,3109,3931,12.8,Run,Run,0.0,3178190076,2020-03-12T19:44:09Z,2020-03-12T14:44:09Z,(GMT-06:00) America/Chicago,-18000.0,,,,2,4,0,1,0,False,False,False,False,everyone,False,,"[44.744682, -93.131838]","[44.744194, -93.13336]",3.26,8.3,True,169.9,191.0,False,True,298.1,284.9,3397212163.0,3397212163,CFAF9599-9C9B-44AC-8FCF-8DE10CFF25E8,False,1,0,False,93.0,50715143,1,a3178190076,gebpG~xlwPLGZCLIJk@CyF@_@ASOWCUIYKQWSEGZcA@UC]GYGQ]IU@u@AkBD_@FMNENC`@@^Ph@FLVHlAD~B?LGPOJ]@WAe@CWMUQGoCO}@@OBSJMXITAb@BVLXHL^TTFV@d@Ar@Bz@CRIHKH]@eAAUKWMG}AIsBAc@PKZAx@F\V^RH`@Bx@Az@Hp@APIJQJs@Es@Uc@GGIEWAwA@eBGMDSTGb@AZL`ACkA?c@DGTS`@EtA?r@En@@J@DF?DQC{CKg@@UJ[j@Eb@Np@RR`@HrC@f@ATGPg@F]?]E]CGWWYI}@Ak@Di@As@FYJKJCXGN@YFSVQHALEz@ITBrA@l@DLNg@G_A@gBKW?]LOVIv@Pr@NRz@Jd@Bz@A`BIFKLe@@OIy@KWEEUMSC{AAc@Dk@Ce@DIBILGp@ARB^L\PRLHj@HRGfCM^KNUBSB_@Go@CMKKSIWCiAAICAEl@BfAJV\WSQE_@AiBE_A@WHY`@@f@Lv@NV\J`BEhBBPEFILm@BY?KE]OWSSOG[G_@AuALu@CXCl@Fl@Et@@l@FD@FLTj@?D]k@QIOCuBEcABWH]^I^Hj@NX^N`BBlBCRGDCLUHc@A]GYO[UMUG}ABi@Cm@BBAjAAJDL?zA@PHHLR^BPQe@GIKIQES@}BM}@B_@XK`@?p@Vf@TPx@LtBA\ALCPIHIJWFo@ASKa@KQCESKm@@c@Ae@Do@A}@PYXEFC^Fn@HVPRx@JxCCJCTIV_@F]AMIs@MS]QAEVJVXLd@CNCCCUGUUQUGuAKaBCc@FWNMl@Bf@Rf@RN^F`@BfC@^EROLU?e@Eo@KSKIWG[Ei@C{BBjBGdBNVPDFJd@@PKo@SWMIwDIU@a@LOREr@D^Td@TL^B`@AbC@TIJGHQFiAK]KO[OSCi@Fw@@q@CGA?ERGtAAz@DTBVNPZABYWQIoAB{BEa@JQd@Ab@Pn@NR\NfDAvB?EoFGaA@QHGP?HBj@Dj@Ap@KLIhBm@|A{@l@c@j@Ut@e@vC}@r@QNIf@Gh@ChAD`A?JBNFHJBX?|@Cf@@nAErDFfF@tD@j@CjEBlCCdJF|CCpFCVA@IGkA{Ac@Y[G[BwACsA@aEGoAIu@We@Yg@o@KOg@gA_@_@u@{AiAcBMMIC,2
18,2,Afternoon Run,8403.2,2117,2963,44.5,Run,Run,0.0,3175377912,2020-03-11T19:37:53Z,2020-03-11T14:37:53Z,(GMT-06:00) America/Chicago,-18000.0,,,,1,2,0,2,0,False,False,False,False,everyone,False,,"[44.74437, -93.131551]","[44.744559, -93.132308]",3.969,6.1,True,164.8,201.0,False,True,301.3,285.0,3394106832.0,3394106832,D0134B62-B62E-4F14-B7EF-B1C8259F366F,False,0,0,False,54.0,50715143,1,a3175377912,icbpGfwlwPBOLQ?[MiCCaA@k@KqAISQWD[Li@?_@Mi@IOSGW?a@BmCEUBa@RILGZFt@J^HJPLLBdAJxA?\@RIJKXq@@a@G]GQQSOG{AEiBASFKHOTKt@?\DPNVNHd@FpBHl@A~@XLVVfAGdB?nEEh@W|@@^Z|AdAlDdAzCNXJFV@d@GLFV|@T^h@r@ZPz@LtB?`@D`@Al@DTA|AEfBB^BRF^Xh@x@d@j@r@\`@@LFNbA\`Av@nDt@pCjA~EdA|DFLxAzElAvEz@rD~@bDLh@dAxDj@rCT~@n@pBVhAz@bDf@tAnBhIjAlEb@vAd@rBX|@j@vBFp@@p@Fn@f@pBV`@@VGjAGpH?hC@p@AlEEJQDw@BwBROD_@X]^y@hAi@j@e@t@q@v@{AtASJUCMIeBsBSKKC}@Fy@P}@LMHY\Hl@?\OTMHc@a@e@U[e@UK_DLq@Ae@CMCWIKMG[Aq@Bu@?iBJkEB{CAq@?}DAa@W}@DWHK@kADi@Ds@BeC?q@HeECu@AaCFmDEyGBaFIkJLsDCk@EKM?g@?YBs@BsBImA?oB?cAHiA?I[A{AGq@SaAk@oBOqACs@CsDBeCAOEUEAS?iAX{@^o@b@yAr@c@Nc@Do@Ac@GuAYWEc@?SKc@sAGOOOKEo@Gc@OE]EgAYs@So@e@m@GYBOn@u@NWHOF]Js@?WC}@DiAIgAHgBA]Sk@CQGs@ImB\eABGb@Qr@FhA@tAIlAFZ?tAgB@w@E]BSL[Hs@Ve@^c@JWa@eBo@}AeAeD,2
19,2,Afternoon Run,8085.6,2336,2955,88.9,Run,Run,0.0,3172428190,2020-03-10T20:17:44Z,2020-03-10T15:17:44Z,(GMT-06:00) America/Chicago,-18000.0,,,,3,3,0,2,0,False,False,False,False,everyone,False,,"[44.74433, -93.131914]","[44.744613, -93.132394]",3.461,9.0,True,172.7,190.0,False,True,303.7,285.0,3390862594.0,3390862594,A171BA7E-F07A-4511-9017-40E7A296B17C,False,1,0,False,79.0,50715143,1,a3172428190,acbpGnylwPY@Le@Fi@@]CeA@O?k@@m@HeAGe@WKACSD]XQHM?gDWUG_@Se@a@SUEMIcA?m@Ek@EQIIQAK@QDeAHuAVK@yAa@sCgAs@S[UKCW@_@FsAZ_AWu@GOBWLKL_@~@IBk@d@IEuA_B[UQK_@Ig@G}@?UCKOe@iBUm@p@Yl@c@j@U^CzATZ@^I|@_@LLJ\^p@Ip@a@xBQ`BU`AIDKEc@WU@KJ}@xAEDIBIE[_@c@q@Yu@Oc@cAkEAMDWHSj@Yd@[f@IZCnBRb@ETKf@g@LEZrAVf@?NU~@c@`DWnAEPILC?m@a@O?IFg@bAWZKBICMGMMKMm@qA[w@i@wBOw@Eg@HQf@e@~@k@b@KXA`BRVG\]n@a@LBHZJZZp@BPc@hB[hC]hBCBE?]UQIODYTm@|@WPE?QMIMg@{@a@aA{@eDOu@@YTYr@m@l@_@f@AX@dAPd@B^Ot@s@LCDBLfAPh@@JUbB]~CShACHGDs@c@OEK@UZUb@Sh@QLM?WQ_@k@g@kA[iAu@kD@ODUDMl@q@RO\OXEf@?|@FVF`@BTI`Aq@HFH\`@jADR?JG`@MZKh@[tCQbAEDIAg@YYCYR_AzAGFKDIEUWiAoCYwAk@{B@WDMNQdA}@ZOb@ExATb@@TC`@Ql@e@PCDBRn@T~@q@lFQbAOn@CHG@m@e@MAMFUXo@hASLMASSg@w@_@_AQw@gAyD?YDMLOnAy@^Kb@ExARb@BRCXSd@g@NGd@rANVDRALa@nBa@~DK`@MFaAg@K?OFU\Mb@MZKHIBMEIGy@{A[iAc@oBe@{A?ODU^Uh@i@NK`@MXEd@B~@L`@@REl@i@n@Jt@rAb@b@NB\GHGLOr@kAVOlBs@l@Gt@WRCfAAP@hD~@~Ar@vBv@r@d@n@XVRHJj@pAXNJBN?f@YRG`@D|@PFrBAtA?hEIpB@`FCj@CR]~@O^,2
20,2,Afternoon Run,3218.7,653,653,0.0,Run,Run,0.0,3169628882,2020-03-09T21:46:42Z,2020-03-09T16:46:42Z,(GMT-06:00) America/Chicago,-18000.0,,,,0,3,0,1,0,False,False,True,False,everyone,False,,[],[],4.929,0.0,False,,,False,False,,,,,,False,0,0,False,,50715143,1,a3169628882,,2
21,2,Afternoon Run,3445.2,952,1015,31.2,Run,Run,0.0,3169568447,2020-03-09T20:34:16Z,2020-03-09T15:34:16Z,(GMT-06:00) America/Chicago,-18000.0,,,,0,3,0,1,0,False,False,False,False,everyone,False,,"[44.744342, -93.129687]","[44.744605, -93.132381]",3.619,5.2,True,169.3,178.0,False,True,298.7,285.9,3387703336.0,3387703336,73CC5B46-646E-42F9-A4F5-A8FBBBE0EBD1,False,0,0,False,28.0,50715143,1,a3169568447,ccbpGpklwPNUIeCFk@Cu@@Q?WEQE_AKMaASU@MD_@XUHM?UM]a@Kk@KUKIQKu@We@a@a@Q]IeCeA}Ai@OEc@A_AS_@A}@DSD]NGRJp@Dp@?n@ElAKn@g@xBGj@?VDd@\fBFzBGXOTy@~@c@n@a@r@EPCn@B`CJvBRvBZnAFfAHd@p@lAj@p@V`@JXd@rBh@lBJBWgAuAiEw@y@cAkBIUIkAOaBYgFCwA@e@De@Je@t@sAlAwAFMDWAo@MyAU}AKc@Am@?QHY^kANm@PeABiAAk@Ky@FSJGREx@A^B`A^RD`@B^J~@Z\NrCbA\Rl@f@n@PPJLPFNNn@HTHJPLL@TC\YRKJCT?LBt@TDR@r@ElCCzFCvB?lDIn@k@bB,2
22,2,Afternoon Run,856.2,229,229,5.7,Run,Run,0.0,3169568409,2020-03-09T20:03:01Z,2020-03-09T15:03:01Z,(GMT-06:00) America/Chicago,-18000.0,,,,0,1,0,1,0,False,False,False,False,everyone,False,,"[44.744275, -93.129481]","[44.744648, -93.129468]",3.739,5.5,True,165.0,165.0,False,True,295.7,285.0,3387703328.0,3387703328,A12F1787-F508-4855-B1E9-429CFC92E459,False,0,0,False,6.0,50715143,1,a3169568409,ubbpGhjlwPC{B?sC]GwACMKOa@KIU?KESMMOIYAm@EQKIcAUc@SYQO@Kp@?P@`BCzDNv@@n@FbATj@j@v@t@R`AJN@d@Gd@AND^GT[JWCSKUKGIO,2
23,2,Afternoon Run,4905.3,1316,1316,0.0,Run,Run,0.0,3166590000,2020-03-08T18:12:20Z,2020-03-08T13:12:20Z,(GMT-06:00) America/Chicago,-18000.0,,,,0,3,0,1,0,True,False,False,False,everyone,False,,[],[],3.727,4.9,True,176.3,191.0,False,True,,,3384374421.0,3384374421,8A8DB9BD-CCD7-4710-A4B6-0995878800E6,False,0,0,False,51.0,50715143,1,a3166590000,,2
24,2,Lunch Run,7036.1,1607,1748,35.1,Run,Run,0.0,3159734569,2020-03-06T18:15:58Z,2020-03-06T12:15:58Z,(GMT-06:00) America/Chicago,-21600.0,,,,3,4,0,1,0,False,False,False,False,everyone,False,,"[44.714699, -93.180624]","[44.714704, -93.180502]",4.378,5.5,True,178.0,191.0,False,True,294.5,284.1,3376800532.0,3376800532,379FADB0-E39B-4011-AB9A-19182D06810C,False,1,0,False,96.0,50715143,1,a3159734569,yi|oG|ivwPIkBDG@w@@QHYNI|@GLMBoIIkC?]EW}@GwAE}@GyBEwDBc@CU@ONa@?QIMWd@}F`@iU@cDCkA@iFAqCB_FGcD?}F@aA?{FG{E?mD?qDDmDCw@A}GImGMGwBHuEC_DFiCIqB?uBCuAD{@?{BMuFuA{@Wg@Ig@EsBAkB?e@BwCCyBFsBAwABgGMO@MPEX?T@\Df@@~EB|A?l@FV`@|@dBlETr@`@~@p@jBvCbHl@pA`B|EVh@Zd@Xh@b@dAh@vA`C|EXh@n@t@`@z@j@|@h@|ALr@ZhBZjD@nBGrJFbPCnA@vAClBBZzB@tDA~CD|@EfBErFDrBCbA@rAE`DBxACXID@FLr@?VKxAFdAAnABxAAzDLf@AF\Ex@DdBBdDCvDUFi@BMDQREr@?b@?~@BR,2
25,2,Afternoon Run,5416.8,1535,1535,0.0,Run,Run,0.0,3157589933,2020-03-05T21:29:30Z,2020-03-05T15:29:30Z,(GMT-06:00) America/Chicago,-21600.0,,,,0,1,0,1,0,True,False,False,False,everyone,False,,[],[],3.529,4.2,True,171.4,174.0,False,True,,,3374406631.0,3374406631,41640D9A-7A69-4D9F-A927-F99C4CDEC0FE,False,0,0,False,78.0,50715143,1,a3157589933,,2
26,2,Afternoon Run,7235.8,1907,2028,44.4,Run,Run,0.0,3154733533,2020-03-04T20:52:37Z,2020-03-04T14:52:37Z,(GMT-06:00) America/Chicago,-21600.0,,,,0,3,0,2,0,False,False,False,False,everyone,False,,"[44.748186, -93.129163]","[44.748324, -93.129733]",3.794,6.8,True,175.2,182.0,False,True,300.9,283.2,3371245812.0,3371245812,FD38F8D4-4537-4C66-8268-ED1609ED27A8,False,0,0,False,111.0,50715143,1,a3154733533,c{bpGhhlwPe@?m@GS?i@DMGk@s@Us@AM@i@|@_EJ_AAmAGk@Mi@MSIE]NkA`@q@XSRi@v@_@PM@EE?Q`@cARy@d@iDToAVkDCyGKoDFs@?k@CcFBaCEg@Ao@JeBLmAbA}EB_@Hm@n@}Cd@iBJk@LaBD{BEkAUiCIm@q@qCKk@e@qBKk@GcAAgC@oBDmAG_FHyCEsA@aBCyAMuAWuAK_A]wBGgAAoBB]NkAZwATq@b@cAt@sA`A{@XM^GnCeAl@c@nBgAv@]v@c@`Bk@^S^Y`A{@b@i@Xa@n@wAh@cBDYFKJ@n@Z`@j@R^TdAPrBTtA\vAd@lAVd@|@rAz@~@AJOj@E\A|@Fr@Xx@l@~CFjADhCInCMlAUhA_@|DU|AMlB?j@Dt@b@xD`@vATl@`@r@bAxAb@r@t@v@ZTnAv@`Bv@xAd@lBXDFAzABz@@bEA`BBhABhJChEBbECxBB~A?~ADbDDpMAvAGbAAx@HfEExBIzBMAg@Kc@CeBHu@Hu@RwAn@s@P]L]T}@^yA|@k@R_@TqBr@u@Lo@@s@CgAU_@KSD]VQFOAc@SOOWu@MSIIcAg@i@]QAGJCTDpFAfACXGLMLs@PKD]^UDgCI_@@o@FOJGZAj@BL,2
27,2,Afternoon Run,12174.2,2947,4034,90.4,Run,Run,0.0,3148898457,2020-03-02T21:03:34Z,2020-03-02T15:03:34Z,(GMT-06:00) America/Chicago,-21600.0,,,,7,4,0,1,0,False,False,False,False,everyone,False,,"[44.748326, -93.129635]","[44.748292, -93.129784]",4.131,5.5,True,180.0,193.0,False,True,305.1,282.1,3364779966.0,3364779966,2D0CC561-D832-47AC-BDEF-43860E20C607,False,1,0,False,185.0,50715143,1,a3148898457,_|bpGfklwPA_AIWOIWAm@@UDIIe@q@S_@Eq@@o@v@uDHq@@{@Gk@Io@GMS?e@Dc@Hu@X_@TWd@k@t@KD_@?QBQfAM|B]zBa@zAkBzEu@fC]xAS|A?pAEh@@ZPpDVtC^|FRbBNh@h@rAd@t@jAlAp@|@t@v@NLt@z@nBbD~@fB|@jALV`AzAp@nAb@bAV`AF^PdB@x@CdB@lCAp@?rCBdCAbF@r@T~BJzBAfCDfHLjAX~AFn@VzANjABZ@fANxD^zBL^b@pBNdALl@RvCBnA?rCDhCClEGj@ILKp@MnBHdDExD@v@GbC@nIBv@AdABnACjC@~BC^@t@CbA@dCEz@Ap@DxGA|B@hAA`@FtFKlGAjBBzDElFCv@BR@dBAbDBfBAfB@dBAjGBnAGpDBtAEpADpEEbCBbCCx@?~AGtAr@FDP?vEEpE?tEDPTDd@@fAGR@l@lHGIKaAOaCE[MGs@CMEOi@II]I_@OAY@cCBq@Ek@As@BaBAwCByC_@SKAA]F}GEuBFmNCsBBeCA}DBs@GiFBeC?eBCk@B}AGgCCwCBc@Au@Bs@Fs@@cCBUG_CBc@BgGBs@EsDDgCEmJD}BC{D@oBGyILmOC}ABw@Co@DkCA_CEeA?mGHuCCQ@k@KoAQkAU_Ao@oD[wBIcB?uAI}AOiAm@gDKq@M}CA[BcDCsC?oAA_@MiBIo@?QHw@?}HDgCCu@?uGGiCSuAa@mAu@uAkBmCg@}@s@}@wBwDaBsBgDsDm@aAYm@Su@WsA{@eOOuAEw@BqBLuAb@aBdAkCVm@dAcDh@kCd@iEPiANOVBN?XKNKZe@`@_@zAw@f@QTDTlAFdA?VEx@Gb@GVe@nAK`@ETAx@D`@Rp@Zj@HZN?VOP?XEf@?HLH`B,2
28,2,Afternoon Run,7292.9,1977,2323,54.1,Run,Run,0.0,3137509121,2020-02-27T21:38:39Z,2020-02-27T15:38:39Z,(GMT-06:00) America/Chicago,-21600.0,,,,0,2,0,2,0,False,False,False,False,everyone,False,,"[44.748048, -93.129187]","[44.748368, -93.12968]",3.689,5.5,True,170.9,174.0,False,True,298.9,284.5,3352071601.0,3352071601,68C22CD0-9A0A-43C7-BBDD-7271EB2F907D,False,0,0,False,97.0,50715143,1,a3137509121,gzbpGlhlwP@BR?ZDpAERD^CNCLMBKz@W\QLOJmAJkHDAx@x@l@VPJJPR|@HLFALSb@}ATi@EKB_@GY?YBm@?gBKm@e@g@IUIc@IcCB]Hg@@cADFdACLI\k@|@eADGKg@KSIEUB]@WJkAHo@TQ@]Og@[MQUc@Gk@GUCs@CsCBYHo@AWZuA?s@Ei@Ia@SYWE}@a@gA_@{@g@YEmAs@MC[Se@Oc@Gu@}@]Oa@MUCm@BSFKI^eC^qBd@oCPaAZqADWL{AF{BGcCGo@_@qBcAsEa@cDI}EDcFAeDBgBAk@@yAKsDEi@GU_@KISk@wDGm@GiABaC?Bm@Pe@ReA|@SDMSESK{CCSISWUIMa@w@y@gDSc@i@w@A_@b@yB@SGU_@[QG?Pn@l@DJ?RCL_@lAIh@ARDVdAjAT`@Rf@FTRpAh@pALJJ?TZDNBp@BL@b@Jt@FBPK^_@PMJCVC`@DHD@dCRfCl@jDT^FPNpADnCAtB@fDCvABv@?p@ExDDtCJzAPhA~AfIJhABpCCv@QzAShAI`AMdAUhAk@bC]jBGl@DDv@CL@t@P`@J\VNR^X~Ah@xDfBj@Np@ZTFz@j@Tv@B\C\It@e@rBEhDDr@DPPh@Vp@\\^RLNp@c@pBi@XCP?THNR@RE\GLoAtASLMBc@FS?IDI`@I`A?\HtCD\PTj@b@DV@zBMdD]fBGHKIQs@MYY_@_Bu@QGK@GPI`AC`GCZCN[VSHg@Ja@Rg@LqBLoABOR?t@,2
29,2,Afternoon Run,8132.3,2017,2366,45.1,Run,Run,0.0,3135006928,2020-02-26T21:19:55Z,2020-02-26T15:19:55Z,(GMT-06:00) America/Chicago,-21600.0,,,,1,3,0,1,0,False,False,False,False,everyone,False,,"[44.748259, -93.12945]","[44.748361, -93.129604]",4.032,5.7,True,172.7,180.0,False,True,298.1,284.3,3349286472.0,3349286472,445CAB57-CE57-48FC-BF6F-F2292DE43233,False,0,0,False,110.0,50715143,1,a3135006928,q{bpG`jlwPWS@o@^BVHFCh@ApAJr@ALAl@a@t@UJAPGLSBs@CcCJkEPB|@t@`@LRLJJJTHj@FL^RRFP?l@WTAv@L\N?rDGvB?lBCdA@nFEt@CTSl@CXDn@x@jCn@`Bf@fBh@rA`@F`@@LPXt@h@x@NP^V\Jz@Jp@CjABf@Ib@Dp@?TIP?pBB|@FLDRNv@jAPLFNPL`@L|AHb@Gv@Cn@@`@DfCAb@H`BE~BJb@Ad@Gl@Cf@FLCR@p@Hd@CvABx@C`DJT@RC|@Df@?bAPzCGhABd@A|AFd@EvCDb@Cd@Hv@B`AEt@B|@Mb@AjAFVC~AHPAf@F~B@LJ?RAvHFrBErCDhBChB?vCD~CItDO|A?vBCr@Dr@BtABPJLBE?{@I{DAsBHmBFwCAcC@eBEsHFkCI_FG{AA}BIK}@Ea@Fo@BQAiA@UAUGa@Ci@Bo@AaCJ[AkAF_A?u@EeAAO@_DKgCBmAEaADk@IuABoAGaA?c@EY?i@GUAqDFiAESCQ?QFu@Ec@@e@Gc@C{@BaACQDmCEwC?c@EeA@gAEGK]OKUKEw@gAOOKISGUCkBBc@AW@QAc@Bw@Cu@@kCOy@Se@][g@e@gA_@e@w@g@]_@KM]gAUg@YcAk@}AQm@Iu@B]N[VaAHmBCgABqDCkCBwDCs@GSK?a@Og@IWHa@TSDMCWOKKOWIm@SOKI_AUUMa@[IAGXAVDxBErDAROTe@Pe@DKDo@f@SLOD_ADiAEc@BMPGVCP,2
30,2,Afternoon Run,9677.4,2824,3257,53.9,Run,Run,0.0,3132205852,2020-02-25T21:36:45Z,2020-02-25T15:36:45Z,(GMT-06:00) America/Chicago,-21600.0,,,,0,2,0,1,0,False,False,False,False,everyone,False,,"[44.747271, -93.129867]","[44.748295, -93.129754]",3.427,9.9,False,,,False,False,298.9,283.2,3346181344.0,3346181344,38BDB748-A7E4-4100-A1F2-0A399892DEDF,False,0,0,False,,50715143,1,a3132205852,mubpGtllwPyAw@{AkAVEVHHH@^F^C\EDCNHRJDHI?WD]E[BSAIFQFLYf@u@x@ECEe@@MD?R]LAXHDJ@\BBUPAFJ^AHDQ@ULQBaA_@x@U|@E[BSNIJXFv@HRFDLQHc@?o@A]EFCXOn@M\ECAMBY?k@DSEJLpADDFw@?m@BXAv@EZ?w@Gg@GGAGC@A^?FJj@L}@Dm@I@Mh@{B{@?WFUFA~BJhBKJIFUh@Oj@WNMFOB[DoBEWBcAJaCJCLDn@b@n@\XTLRHj@DNLLN?`@FJCn@_@JCPBr@V`@HtAB`@CjAYlAe@p@_@NGh@WVGXWx@c@ZYXOd@Op@InAg@p@M\AZ@bALp@B`@ARw@GuBCqBBwAAk@FuB?{A?SFY@g@AoAEsABiAC_A@m@C}ADmIGwDAkEBgAGoDBgAAk@EY@sDEk@Dw@AcA@]@yAEeDKGMBU?c@G]?_@Ki@]m@[mAg@o@a@YWm@c@u@{@W_@]_Ak@iAc@u@]aAWsAOaC?}AHqAn@_GF{ARuBX}B?OCwBO}ASaAOeAq@_C?q@DYVaAAOeCyCy@sBOg@Ig@[sCIg@UaASg@c@c@QK]MKFK|@Y`A]~@kA~AwAhA[Pk@POP_@J[LYJiAr@eCjAsAv@u@XKJqAf@aBjAq@`Aa@t@c@nBKzAAf@B~B\`DTxA@XT`BHpAB`BGzBBzAIt@Bv@LdA?j@GfBAz@BhAAnDTvBRvAXbAx@`ER~BBjA?j@MjB[rBG`Ai@bDGl@WtAc@dBIj@DHH@r@Gb@Bv@TpA|@JD`@H^TTHLL`Ad@xAj@^Tn@TpAp@LLX~AA`@Mr@ERMXMd@@t@HrDNr@Tj@Td@NN\RPANG`@YTKRBdAUb@B`@^DZILgAnAU^UFk@EMBELAr@MfAFp@@fBBRNV`@RRTDPClBEhBY|AO`@?l@ENQHMUGu@IWOOeA[SK_@WI?GnAEbC?rCKZKFe@Ju@XY`@_@JUAOBc@?SCSBMCa@FU?ODMNLbA,2
31,2,Afternoon Run,12892.0,3286,3846,59.2,Run,Run,0.0,3129311834,2020-02-24T21:27:13Z,2020-02-24T15:27:13Z,(GMT-06:00) America/Chicago,-21600.0,,,,3,4,0,2,0,False,False,False,False,everyone,False,,"[44.748349, -93.129248]","[44.748362, -93.130051]",3.923,6.3,True,172.9,185.0,False,True,305.0,281.8,3342990485.0,3342990485,E35A88F1-B56E-4423-968C-5312A8EA1CA6,False,0,0,False,174.0,50715143,1,a3129311834,c|bpGxhlwPEM_A?w@FIGe@cASq@AQAYBQ`AsCJq@FkACo@W{AKUO?MBaA\c@Js@XORWf@Y\QD_@BKNKb@q@rGOx@mAtDu@hBqAnDIl@EhACpA@~AT|EFXXvDPpDFp@Rp@Vl@jAbBl@p@NHn@n@vD|Ex@lAnB`DJJfAtBr@dATb@Zz@T`AF\Fp@FbBI|H?zBC`CBrEAhA\`FHfBB|BCfEDzANrAVfAd@|CTxFLbBd@jC|@`DTdADjAAvF@~DIdJBvBDd@@t@?|BFfABzDIlDEtF?fEEvEEnBDnCBp@?dED`AGbF@jBBTAdBGpC@xDC~EBZCpA@bCNbCL@d@AhADz@Cp@BnBAn@BpB@JDDLGf@CbJFXLPJD`@HVE`@DT@HEDWJ}BAcBB}BDaBMKhBTd@?TCbAFfACjB?NCb@?VEx@DtA?VCz@DPERBfAG^@x@CfABdAHb@@hB?r@Ct@Fd@Bl@EPEx@Ab@DzA?nAFt@@nBNb@FnAFb@FtAAh@@Ry@CoABS@c@@_BAkAE{B@qAF}B?yB@mABk@?uDFaB?qB?eBCmA?gGAqADyCCgG@wACgBDqFAkCBsCAq@BqAAsA@iFEmCB}BCcEA_HH_GHkAViCJeCC_G@s@CkAJqFAgBCo@@mAEwDB}BGkJBiGDSAc@GQCWBm@FU?iFFmBC}@ByAEq@B_CC_IBwDAgABcBKaBEeCBaIC_CCUD}BGiCBQE_C@}CGwF@s@CqA?}BCYGIUMiD_BgAo@c@IcAc@qBeAu@Qc@CgCE_BPgB@uDS{BEi@Bo@CUAMEw@CoAJa@Co@Dg@G]AgABc@Lm@ZgA\e@Hc@Lm@r@QH_AVMHUNuB|@y@Zq@PsALa@?g@C_B]MAe@J_@NWAWIMOI[Io@IMOMSKcBq@ELBfAIrD@hAGn@KTc@Jg@FQLILQNu@JiADe@As@DOAa@Kk@Go@@HHr@?XBTFDNAVDn@?x@,2
32,2,Morning Run,16361.5,4197,4396,208.7,Run,Run,0.0,3122308819,2020-02-22T14:21:29Z,2020-02-22T08:21:29Z,(GMT-06:00) America/Chicago,-21600.0,,,,5,3,1,1,0,False,False,False,False,everyone,False,,"[44.781482, -93.108266]","[44.781485, -93.108215]",3.898,6.2,True,176.3,198.0,False,True,311.2,253.4,3335208038.0,3335208038,0E961123-8A7A-4619-9616-D436A01C5D69,False,1,0,False,254.0,50715143,1,a3122308819,gkipGtehwP[GoABiBZoAMyA@KDKTOhAW\_BXw@XYRKhAMj@w@tAWXICcEwCoAqAsDmIUy@OiAKOaD?u@QoA_AIM?]RiCJi@LSr@Y~C`@jCJ\?z@Sv@g@d@s@jB_ELg@`@gCDeA?}AEeAUoB[qAGe@JUNEvAEp@SZYd@q@r@gBZ{AR{AIuBu@yEGeAaAsFa@_EAgDBS^yAZc@x@w@j@a@bBMzAf@fAz@hAl@pAb@dCj@bDTlFNxAPhB?jBd@f@Gl@m@p@oAt@sCJs@?s@E_AKo@uAgGGaBF}DMkAe@}BS{AKeB@uEGg@EKqBLgCE}CDUIaBJgACId@?n@Kz@aAfDiBtEU`@k@j@i@`@o@LgBNcBVuGZwDdAkA|@aArA}@r@Q`@Ot@KdASfAg@r@m@VkAGm@]OUe@qAs@{Ay@u@aAMwAFKK@kAU}@AaBF}AAeKD{EGk@OMeDFyCGw@Dy@GeAFcACkANsAj@mBxAeAhBQh@y@hFq@~As@|@mAdAk@Ve@J}B@wDYYI}Ea@sBo@g@a@w@oAq@c@{Bm@wACQRG^GdCBxACnCFfFEx@WtAq@dBy@r@e@Pa@@_DOKCEa@?q@ToEl@uDFq@BuAGeC]}DK_D@YX{ALi@l@oAH[Dq@EcBHk@ZYj@IzBB|@PHNBr@MxBOdFDxC@RLTd@LpALz@Xr@`@jBhB`@Tv@RrFRr@N~@B~AXfAFdBI|@Ot@c@NQt@cAl@sA\oAt@gEPe@tAkBrAgAv@U~Dc@pAFrBM|B?bDTFDFRP|@Dp@AdNC~@@rCBn@GlAB`@lCLdAd@VZ~@fCV`@VV\NpAGl@YJKXg@J[Js@JoAh@wAt@y@`CqBvA[hC[|@AtDc@pEo@|@Wv@aAl@mAz@qClB_FH{ABKJGbCJbIEdBBNJP|FhAfKBnA?fANtCR`Bn@pDJfBEp@a@dBm@pAW`@_Af@sBL}CYsBG{@]cADkCIy@OmCcAoCuAiBa@kAI}AXa@Re@`@_ApAWt@QfACpAZ|Dt@nFZtANbB`@nBLlB?p@MpAOp@i@xAYb@[d@]ZgAp@gAXKFIVDn@p@vDFlCIfAo@pDyAlDMVk@p@Ob@LpBX`BHnAJZv@ThC?rDQdB@f@Jb@`@LZJz@@rBFVRFpDNnAWfBI,2
33,2,Afternoon Run,9224.7,2160,2369,34.1,Run,Run,0.0,3120133620,2020-02-21T21:02:17Z,2020-02-21T15:02:17Z,(GMT-06:00) America/Chicago,-21600.0,,,,7,3,0,1,0,False,False,False,False,everyone,False,,"[44.748446, -93.129171]","[44.748322, -93.129655]",4.271,6.5,True,182.8,193.0,False,True,301.1,288.1,3332791394.0,3332791394,9DACAF17-B33E-4CB6-AC7A-852DB5119835,False,5,0,False,145.0,50715143,1,a3120133620,w|bpGjhlwPcABo@Es@iAMWGc@BYJc@x@qBZaAN{@@qACYQ_AQSgAZgBn@QJaA~@[Lw@N]xAQbCc@dD_@xAWp@Sp@Wn@]n@Ib@a@fA]rAKx@E`ANjFNbBl@fKTbBH\^fANZr@~@bBnBbA|@p@x@p@~@xDhGdAhBtAxBb@bATr@TlBDxABTKpJBtCChB@nCDt@`@pELzC?x@EdAAx@AlBB~@XdDXlBRfAL~@NjFHd@LnA\xAn@bC`@|BFp@DhACtB?oCBq@DEhFCfFHz@EzCCvCRd@?vBHr@@`@C^G`AWrAc@dAUPAnDBxCLtFM`AH`BBhA@bBCxCBxADbA?^Ev@?fB?v@BRGFKDWDqCZgH@sCGwG@UAiAFgC@oCCi@AiC@mDCmEEm@HwG?_CCiAHqA?eBDe@@yBFUIoBAk@@]Es@Au@AwCB_EEqD@aGO{GBq@AiBBmBEiFDkAAwADa@Co@?uAM}D@wDIgD?iCCOsAy@eAa@SOOGw@i@QGc@Ge@SkCwAUGk@GiAAy@E_A?{CJcBI_A@_A?s@GcBCs@EcAFw@Ae@Ei@?QCW@g@CiA@mARq@Vc@Tu@VWNs@r@MHc@J}@XULmAf@}@Vw@\YBy@@o@Dg@EoAUWCu@b@WDOIWWOc@Ou@GMSMe@O}@e@MEQHGREhBDtEC^GPWJm@JQFc@d@SNyAC]Cm@Fi@JKLARD`@,2
34,2,Afternoon Run,5263.0,1380,1391,32.5,Run,Run,0.0,3117583256,2020-02-20T21:02:10Z,2020-02-20T15:02:10Z,(GMT-06:00) America/Chicago,-21600.0,,,,4,2,0,1,0,False,False,False,False,everyone,False,,"[44.748341, -93.129177]","[44.748295, -93.129626]",3.814,8.0,True,169.5,179.0,False,True,298.9,284.5,3329935106.0,3329935106,F34C4E3B-FA5A-409A-A510-BB3032FB7A76,False,0,0,False,65.0,50715143,1,a3117583256,c|bpGjhlwPBGPSJJXLVBFHnAPn@CTBJCPe@NOrAa@HIHSBs@?oACUBiAAgAF_ANIl@j@~@XRLHJV`AFHT{@p@kBISEc@Da@?k@Es@@kACMq@WKIMYAS@w@K_A?Y@SFU@yAFGb@@PH^CHGJWr@iA^]AMEMKQIGi@EOH_@FcADw@d@KBSIQMe@e@Si@I]Ck@A[H}AFmCXkCIg@KQKi@MK{@WaBu@UG]Wg@[UG]Wq@YMCQIUCa@Q[[Y_@[SSIq@Gw@NSCAKB]t@oDPiAp@aCJM^LbAN^Bf@Aj@Fr@BbAAb@Br@Et@Db@Ct@BLAXGxCNl@@TCzABb@E`@?xADfAIT@LCzBJb@@VEt@BLCd@Dz@C\HpB@rAHbDGNBDLC~BAvFBjAC|ABzCAp@BbGEfB@rA@VCpFBx@GpFFz@C|BKv@i@Kc@@WISBw@?c@@SCSFcAf@o@RQB]N_@^QZKHe@NMAQBs@RSLw@Pm@^eA`@c@Ls@Lu@@UBO?c@Eu@K_@KcAd@m@MMIMYOaAMMUKc@KcAs@GBKlADfC?`CAPGXSPe@Fo@Tc@d@w@DiB@u@HEBIR@f@,2
35,2,Afternoon Run,12264.0,3190,3754,0.0,Run,Run,0.0,3114904394,2020-02-19T21:13:07Z,2020-02-19T15:13:07Z,(GMT-06:00) America/Chicago,-21600.0,,,,0,2,0,1,0,True,False,False,False,everyone,False,,[],[],3.845,6.9,True,169.3,204.0,False,True,,,3326955083.0,3326955083,EE057402-334B-456E-9F7C-186C1DA509DE,False,0,0,False,185.0,50715143,1,a3114904394,,2
36,2,Afternoon Run,9149.2,2266,2266,56.4,Run,Run,0.0,3111972822,2020-02-18T21:38:17Z,2020-02-18T15:38:17Z,(GMT-06:00) America/Chicago,-21600.0,,,,6,3,0,2,0,False,False,False,False,everyone,False,,"[44.748521, -93.129342]","[44.748311, -93.12958]",4.038,7.4,True,178.3,190.0,False,True,303.7,286.9,3323683114.0,3323683114,728301F8-F769-490B-A9CD-1EF9C8339180,False,0,0,False,149.0,50715143,1,a3111972822,g}bpGlilwPJJFSFI?QMA]LQBa@?SIk@e@IMQ_AEuABSZkAVe@Pg@H]Fq@@SGe@Ak@Ko@ISK?oBh@g@Ts@l@MV_@`@QJYGg@W_@c@a@y@QG}@hAMFU@}@Ye@GQDU@a@HOHe@Zg@b@OB_Ao@QIOCa@CoABiAEw@BMDC\@fCHp@T`A@TOPeAh@_@Tm@r@Sh@UbAC|@@p@Fp@VnATf@j@l@t@d@`@HdABLRLxCJl@HPbAPRH\VV^l@fB\?d@KlAMl@MJ?PDBRJxABlAPnCFn@DhAN~A`@zAb@~@nA`BFV?^GROR[`@]T_@Ha@?aBk@{ASc@Bc@H_@X]\a@Xa@Lc@Fw@QqAo@_@Ig@?e@Bw@Nu@`@c@LkCXc@?WDc@Po@d@KJWj@s@rDQrACpAF`CCp@U|@c@n@GPFR|A~CVd@p@r@dChB`Al@v@ZjAAb@AREJG`@IbG{Bb@IfAIz@?b@Db@JbAj@PN`Ah@PHp@JnAJb@Gr@Ar@Kd@AhCNb@N`@RdAr@hA|A`A~A^\VFz@AjAD\FdBf@x@FL?TEdADXAvD@pBEfABTDfA?TCn@KxA[^ChAAb@Ex@@`BCpAFnCDx@BjCApCFzA?LCz@Ab@BRAhB@jAHx@C`ABNIHK@U[eAeAyD]i@a@Sa@YQ[C[@m@EU?SJs@?OYwAoCmJ_BqGa@sAsBaIUk@Qo@[iAQcB[{@[c@COEoFJiHEyD@o@E}G?yCEcD@oAAo@Gs@EwD?oAD]Ei@GKKMICSEc@Aw@FMHyAF}@Py@ZKJaA`@qA`AoAt@s@ZGPSJcCbA{@LgACkAMgAYSAo@TUBKCUKMMOYUm@Y_@qBeAQAGHA`AH|E?hACPOPs@L_@P]^OLw@J_@?k@Ew@@MDGHEV?N,2
37,2,Afternoon Run,6469.7,1781,1814,0.0,Run,Run,0.0,3106092371,2020-02-16T19:08:29Z,2020-02-16T13:08:29Z,(GMT-06:00) America/Chicago,-21600.0,,,,0,2,0,1,0,True,False,False,False,everyone,False,,[],[],3.633,4.4,True,175.3,187.0,False,True,,,3317084692.0,3317084692,B70CF7E6-05D7-40C9-800D-F973C81FD5D3,False,0,0,False,103.0,50715143,1,a3106092371,,2
38,2,Afternoon Run,3158.1,966,1093,0.0,Run,Run,0.0,3097464373,2020-02-13T21:31:00Z,2020-02-13T15:31:00Z,(GMT-06:00) America/Chicago,-21600.0,,,,0,3,0,1,0,True,False,False,False,everyone,False,,[],[],3.269,11.8,True,108.0,108.0,False,True,,,3307392327.0,3307392327,1BC3E74A-804B-45DF-AB6E-CB3ACB4FAF3E,False,0,0,False,3.0,50715143,1,a3097464373,,2
39,2,Afternoon Ride,0.0,809,809,0.0,Ride,Ride,0.0,3091650849,2020-02-11T20:00:43Z,2020-02-11T14:00:43Z,(GMT-06:00) America/Chicago,-21600.0,,,,0,2,0,1,0,True,False,False,False,everyone,False,,[],[],0.0,0.0,True,141.8,153.0,False,True,,,3300934099.0,3300934099,9F0C1639-49BB-4C37-A22B-73D4D5E26962,False,0,0,False,11.0,50715143,1,a3091650849,,2
40,2,Post Lifting Bike,0.0,634,634,0.0,Ride,Ride,10.0,3089015806,2020-02-10T20:55:58Z,2020-02-10T14:55:58Z,(GMT-06:00) America/Chicago,-21600.0,,,,0,1,0,1,0,False,False,True,False,everyone,False,,[],[],0.0,0.0,False,,,False,False,,,,,,False,0,0,False,,50715143,1,a3089015806,,2
41,2,Afternoon Run,9131.7,2130,2296,35.7,Run,Run,0.0,3080549293,2020-02-07T21:21:18Z,2020-02-07T15:21:18Z,(GMT-06:00) America/Chicago,-21600.0,,,,6,3,0,2,0,False,False,False,False,everyone,False,,"[44.748293, -93.129677]","[44.748223, -93.129327]",4.287,6.1,True,181.0,196.0,False,True,300.7,288.6,3288566224.0,3288566224,CFCE9EEA-0F74-4FBB-BD27-263E27C60717,False,6,0,False,133.0,50715143,1,a3080549293,y{bpGnklwPGw@?e@OIKAWLI@c@?UEMIOUYe@Qe@E[@o@Lq@t@gCLiA@kAIkAIOQCO@g@NyBrAu@fA]NK@SCODILKh@QlAKzAUdCIVc@v@Yv@i@|AU~@k@tAc@xAUxACnAB~AVpDj@bKX`CNj@p@xAb@p@|B~BnClDjBjCdBpCb@j@zAdCd@~@Rn@Lp@LjADr@AvA@vHGrMFjAZdDFlA?dIBnAZpCr@tET`DBr@Jd@?v@Dp@ZvB^tBv@|DL~@DHPF`@Bb@E`B?d@IhAG~@AbCFLBV?~@GxBEnAFbBN|CEd@C|@SnBu@vAQvBBlCP`A@f@EzC?XG`AH|AB~AHpAAn@ChCE`B@`BCjCF~@EHGJaADsCBaALeAHuDEwFB{FCqB@sBCoCBc@?u@BmAC{A@aEGkBAuBFeQDgCEiCDwABcD?iCCmBBaFAy@KoD@[GwD?_FB{ACkCBc@?_BBWGsDAgDEmE?sCC{@AoBMg@mAo@SEy@a@iAq@UKUCa@OkBiAcAc@c@IWA{@BkB?iBN{@?cBGmA@eBMu@AWCcAB{C@_CGyA?QBaAV_AVw@\WFMFg@f@y@Za@Rg@LgBn@m@NsAh@{@Nq@Hy@EyA[OBc@PWBOCUSMQY_AIMOOo@W{@e@Q@EHBt@A`CD~BAVG^e@Xg@NWLKNUPy@NO?YAmBJ,2
42,2,Afternoon Run,8729.6,2311,2388,69.6,Run,Run,0.0,3078005005,2020-02-06T21:28:11Z,2020-02-06T15:28:11Z,(GMT-06:00) America/Chicago,-21600.0,,,,5,2,0,1,0,False,False,False,False,everyone,False,,"[44.74815, -93.129545]","[44.748279, -93.129753]",3.777,5.0,True,180.5,192.0,False,True,302.8,273.5,3285728552.0,3285728552,45645AB3-23E9-4724-8D84-E239457BE5F8,False,5,0,False,148.0,50715143,1,a3078005005,}zbpGtjlwPc@y@CMy@D{@?k@q@Uc@GW@k@NgA^{ATmA@k@?mAOoAEIqAf@UFY@g@XQPe@|@IJc@Lc@?KDg@nDWvCENITUdAeAnCm@hBOVET[|@Kh@WpC?f@LtB?tAVfDHhCTjDRjAdAtCLn@n@x@HXC^EPOTg@d@g@Ta@HK?_@Co@_@u@Oa@Ac@Bu@Pk@\m@h@QHKDc@Da@CQEkAm@MCu@GS@m@Pc@JSHe@L[B}@\a@DUAcBJQFa@R]Xk@hAKZQ`AWbAQzACn@?hAFfAIn@oA~BMJYD_@b@g@nAa@bBOtC?l@DlAJz@d@xAXf@HL`AbAz@lAPj@FZFdAC|AKhA[bFIf@A|@@RV|ALXLl@j@pBT`AJl@AbAGt@Ml@Of@_@x@s@hCUj@k@bBKv@El@HdFAnAJVLDPBdAAd@Cx@DLCT@FLLz@FNbAtBJJ^RRDb@@\JNPXt@LBH@HEBO]k@UiBGKQMq@KOGOIQUGIIa@OwA@OFUj@cBPyAAo@MsA?q@BYTu@x@_AFW@SAmABUX}@JQFEN@LWAy@JUNM@GSoACa@A{AK[AUXkBJCTDz@n@rAtALFd@FT@^E`@Sp@U`@GdAKxBItAHt@Af@Br@KNGBK?YEu@?iAHsCBaBLoBNkDFk@V{ABg@A{BKsB@m@PgALSLGRA~BLh@Fr@L^L^Tl@n@pCrD\T\HTCRIDO?_IE}A?{BCWC}DEqAOcAYeAa@_AyCwEqAcC}@oAwAiBi@k@g@o@{ByB[_@c@s@g@yAOm@SoAQyCAo@g@yHM{CBcAFy@V_BPo@f@mAPg@dBmE^qA^sCASLkATuAJSNET@\It@}@PKdCmATAJ@HVN`B?l@An@C^i@xBMl@E\?TNhADPNXZ^PJrA?TDJvA,2
43,2,Indoor Workout,6437.4,1739,1739,0.0,Run,Run,0.0,3072303734,2020-02-04T22:05:06Z,2020-02-04T16:05:06Z,(GMT-06:00) America/Chicago,-21600.0,,,,0,1,0,1,0,False,False,True,False,everyone,False,,[],[],3.702,0.0,False,,,False,False,,,,,,False,0,0,False,,50715143,1,a3072303734,,2
44,2,Afternoon Run,4631.3,1253,1385,24.2,Run,Run,0.0,3072228195,2020-02-04T21:37:11Z,2020-02-04T15:37:11Z,(GMT-06:00) America/Chicago,-21600.0,,,,0,3,0,2,0,False,False,False,False,everyone,False,,"[44.748389, -93.129608]","[44.748273, -93.129743]",3.696,5.1,True,166.5,179.0,False,True,300.9,289.5,3279292434.0,3279292434,E4250FC9-57CA-46C3-B748-3AF216EDF745,False,0,0,False,60.0,50715143,1,a3072228195,k|bpG`klwPh@FM{@ZOXGz@GzBAj@i@jAc@JQFYD_CBsEDMLDh@`@hAp@JLRz@JPD@@IDF`@NP?p@Ul@AnAZ`ABr@Eb@In@SrAi@\SRE|AaAj@Ub@Y^S^Mp@OhBm@dAKn@?r@D~@@No@BeBEsMFyAA}EHiEEeC?{BC{BDyEGqD@yACUIIiENu@@a@Es@@c@CwCCaAEgDCeB@uBEYCgB@]AkA?sFIsA@_CEqABoBI_AWK?ONUx@Ef@QvA}@~EUjBIhACrBF~AE~EDdBAl@JvJA~ACn@Ix@gAfHWrA_@`AAJN?^INOb@u@RQd@UpAg@^IPBNh@J`ADt@Ap@O`Ao@vBKl@A\@^Nn@t@bATLrADLd@Jn@,2
45,2,Afternoon Run,8648.5,2221,2422,43.0,Run,Run,,3069463222,2020-02-03T21:23:56Z,2020-02-03T15:23:56Z,(GMT-06:00) America/Chicago,-21600.0,,,,0,2,0,2,0,False,False,False,False,everyone,False,,"[44.748376, -93.129621]","[44.748336, -93.129657]",3.894,4.7,False,,,False,False,303.7,286.9,3276221072.0,3276221072,garmin_push_4511208075,True,0,0,False,,50715143,1,a3069463222,i|bpGdklwPCiAUISAc@?g@DOO]i@So@Eu@@e@Lk@Z}@T_AHs@Bc@Aq@Gq@Ks@YWg@Dg@Pe@Pe@T]b@Wf@_@Ze@@e@S_@YYk@Wc@KAaA`Ac@NoAMg@Bi@Le@Zc@^e@RKGs@m@c@Oe@CkAB_DCcAHg@?e@Lm@AD@l@GbBGd@GRf@BlBHp@Nn@Fp@[b@sA~@]\e@x@GLIb@Gt@AbALx@Tt@Xl@Zb@`@Zf@PpAPTn@Lv@NnB`@Tf@Jd@V\f@Vj@Xz@XBdAMlBId@PLr@j@|IHx@Lv@d@vATd@z@rAhFpGvCrEdAxAvAtBt@pATf@Pj@Ln@Lx@Fx@?xNEjEBt@B@lA?f@NjAb@f@FpFBpHJhACb@Dd@EjAWb@ClBCdD@rBDnA@`EEvBAbDLdDBf@DzBAbGPfB?dADnA?fAMlFDTKDq@E{F@mDBmBBmICqC?cDDsEAcDBiF?w@Ek@Cy@KkG@_NEaDA{EBmDG{DAeEa@WkB}@c@WgAu@g@KmBiAcAa@g@Kc@C{BEi@?iAFi@@qBKyA?_DEi@@i@Ag@EqABs@CoB@{@E}@?e@FeA^e@ToA^e@T_@ZeEdBkAV_@Rc@Jg@HsADc@CcB_@kA`@a@OYg@Ko@[_@i@Ke@Uc@[IDEp@AjB@pBCfB]ZiA^a@`@a@Ni@@kAEg@?g@HMl@?P,2
